sample,atoms,no_df_energy_hartree,df_energy_hartree,themol_energy_kcal_mol,no_df_force_rms_hartree_per_bohr,df_force_rms_hartree_per_bohr,themol_force_rms_kcal_mol_per_angstrom,no_df_hessian_rms_hartree_per_bohr2,df_hessian_rms_hartree_per_bohr2,themol_hessian_rms_kcal_mol_per_angstrom2,no_df_file,df_file
26,20,-561.977756735708,-561.9779045913481,,0.005312170277300769,0.005313363033908243,,0.06739035040345052,0.06739032412281028,155.37827688495884,results/no_df/hessian_0_sample_26_pyscf.h5,results/df/hessian_0_sample_26_pyscf_df.h5
35,15,-349.8237182962557,-349.8238166619766,,0.007225797693025755,0.007226399631376062,,0.08483942410459963,0.08483926410896495,195.28610911163435,results/no_df/hessian_0_sample_35_pyscf.h5,results/df/hessian_0_sample_35_pyscf_df.h5
67,18,-493.3747024122829,-493.3748537005158,,0.0066510272974483154,0.00664959234892096,,0.06775580214529149,0.06775563661880442,156.72078723321007,results/no_df/hessian_0_sample_67_pyscf.h5,results/df/hessian_0_sample_67_pyscf_df.h5
220,8,-253.57249882521893,-253.57254395023222,,0.008866578280339783,0.008862877401097612,,0.09795044737411406,0.09795120223068265,226.98899637417216,results/no_df/hessian_0_sample_220_pyscf.h5,results/df/hessian_0_sample_220_pyscf_df.h5
316,12,-3013.2146190809117,-3013.2146699404902,,0.009784213403159582,0.009781939738767679,,0.10603394617327166,0.10603304646986932,244.54149638309983,results/no_df/hessian_0_sample_316_pyscf.h5,results/df/hessian_0_sample_316_pyscf_df.h5
1229,10,-635.0034461317478,-635.0035244606797,,0.006511281982284895,0.006509612111104549,,0.08197859637398848,0.08197564025822582,192.0394480815076,results/no_df/hessian_0_sample_1229_pyscf.h5,results/df/hessian_0_sample_1229_pyscf_df.h5
3860,5,-291.8453606484924,-291.8454039185151,,0.00178019218165463,0.0017817660283315961,,0.054025287452665244,0.05399291589113903,124.28483834672731,results/no_df/hessian_0_sample_3860_pyscf.h5,results/df/hessian_0_sample_3860_pyscf_df.h5
47783,3,-447.7378862301794,-447.73789375321365,,0.008458097309803514,0.008456392712067134,,0.11122203113501616,0.11122395506720022,252.1762180835878,results/no_df/hessian_0_sample_47783_pyscf.h5,results/df/hessian_0_sample_47783_pyscf_df.h5
